<?xml version="1.0" encoding="UTF-8"?>
<project-private xmlns="http://www.netbeans.org/ns/project-private/1">
    <editor-bookmarks xmlns="http://www.netbeans.org/ns/editor-bookmarks/2" lastBookmarkId="0"/>
    <open-files xmlns="http://www.netbeans.org/ns/projectui-open-files/2">
        <group>
            <file>file:/C:/Users/Lenovo/Desktop/4to%20semestre-2018IIS/Sistemas%20de%20bases%20de%20datos/Proyecto_Bases/BaseDeDatos_Programa/src/basededatos/BaseDeDatos.java</file>
            <file>file:/C:/Users/Lenovo/Desktop/4to%20semestre-2018IIS/Sistemas%20de%20bases%20de%20datos/Proyecto_Bases/BaseDeDatos_Programa/src/basededatos/conexion.java</file>
        </group>
    </open-files>
</project-private>
